Transformed	matching	Soot.rep(1)	OSA.rep(2)	SPOON.rep(4)	JCG.rep(8)	WALA.rep(16)	JDT(64)	IntersectionID
73	6	"(9)<dynamic.DynamicTest: void <init>()>""(9)<dynamic.DynamicTest: void <init>()>"	247dynamic.DynamicTest.<init>()V:-1:-1:-1:-1	24dynamic.DynamicTest.DynamicTest():-1:-1:-1:-1	(9)dynamic.DynamicTest:<init>()dynamic.DynamicTest.<init>()	17dynamic.DynamicTest.<init>()V:9	14dynamic.DynamicTest.<init>():void:DynamicTest.java:-1:-1:-1:-1	95
75	5	"<java.lang.Object: void <init>()>""<java.lang.Object: void <init>()>"	121java.lang.Object.<init>()V:-1:-1:-1:-1	1java.lang.Object.Object():-1:-1:-1:-1	java.lang.Object:<init>()java.lang.Object.<init>()	6java.lang.Object.<init>()V:37	x	31
0	6	"(16)<dynamic.DynamicTest: void reflection()>""(16)<dynamic.DynamicTest: void reflection()>"	252dynamic.DynamicTest.reflection()V:14:2:28:3	25dynamic.DynamicTest.reflection():14:7:28:2	(16)dynamic.DynamicTest:reflection()dynamic.DynamicTest.reflection()	18dynamic.DynamicTest.reflection()V:16	35dynamic.DynamicTest.reflection():void:DynamicTest.java:10:1:28:2	95
3	6	"(7)<helper.Debug: void debug(java.lang.String)>""(7)<helper.Debug: void debug(java.lang.String)>"	128helper.Debug.debug(Ljava/lang/String;)V:6:2:10:3	3helper.Debug.debug(java.lang.String):6:21:10:2	helper.Debug:debug(java.lang.String)helper.Debug.debug(java.lang.String)	1helper.Debug.debug(Ljava/lang/String;)V:7	16helper.Debug.debug(java.lang.String):void:Debug.java:6:1:10:2	95
2	6	"<java.lang.Class: java.lang.Class forName(java.lang.String)>""<java.lang.Class: java.lang.Class forName(java.lang.String)>"	259java.lang.Class.forName(Ljava/lang/String;)Ljava/lang/Class;:-1:-1:-1:-1	26java.lang.Class.forName(java.lang.String):-1:-1:-1:-1	java.lang.Class:forName(java.lang.String)java.lang.Class.forName(java.lang.String)	19java.lang.Class.forName(Ljava/lang/String;)Ljava/lang/Class;:-1	38java.lang.Class.forName(java.lang.String):java.lang.Class<>::-1:-1:-1:-1	95
76	6	"<java.lang.Class: java.lang.reflect.Method getMethod(java.lang.String,java.lang.Class[])>""<java.lang.Class: java.lang.reflect.Method getMethod(java.lang.String,java.lang.Class[])>"	257java.lang.Class.getMethod(Ljava/lang/String;[Ljava/lang/Class;)Ljava/lang/reflect/Method;:-1:-1:-1:-1	27java.lang.Class.getMethod(java.lang.String,java.lang.Class[]):-1:-1:-1:-1	java.lang.Class:getMethod(java.lang.String,java.lang.Class[])java.lang.Class.getMethod(java.lang.String,java.lang.Class[])	20java.lang.Class.getMethod(Ljava/lang/String;[Ljava/lang/Class;)Ljava/lang/reflect/Method;:1783	37java.lang.Class<>.getMethod(java.lang.String;java.lang.Class<?>[]):java.lang.reflect.Method::-1:-1:-1:-1	95
153	1	x	x	x	java.lang.reflect.Method:setAccessible(boolean)java.lang.reflect.Method.setAccessible(boolean)	x	x	8
78	6	"<java.lang.reflect.Method: java.lang.Object invoke(java.lang.Object,java.lang.Object[])>""<java.lang.reflect.Method: java.lang.Object invoke(java.lang.Object,java.lang.Object[])>"	263java.lang.reflect.Method.invoke(Ljava/lang/Object;[Ljava/lang/Object;)Ljava/lang/Object;:-1:-1:-1:-1	29java.lang.reflect.Method.invoke(java.lang.Object,java.lang.Object[]):-1:-1:-1:-1	java.lang.reflect.Method:invoke(java.lang.Object,java.lang.Object[])java.lang.reflect.Method.invoke(java.lang.Object,java.lang.Object[])	22java.lang.reflect.Method.invoke(Ljava/lang/Object;[Ljava/lang/Object;)Ljava/lang/Object;:488	41java.lang.reflect.Method.invoke(java.lang.Object;java.lang.Object[]):java.lang.Object::-1:-1:-1:-1	95
79	6	"<java.io.PrintStream: void println(java.lang.String)>""<java.io.PrintStream: void println(java.lang.String)>"	280java.io.PrintStream.println(Ljava/lang/String;)V:-1:-1:-1:-1	30java.io.PrintStream.println(java.lang.String):-1:-1:-1:-1	java.io.PrintStream:println(java.lang.String)java.io.PrintStream.println(java.lang.String)	7java.io.PrintStream.println(Ljava/lang/String;)V:805	42java.io.PrintStream.println(java.lang.String):void:Java8Test.java:-1:-1:-1:-1	95
7	6	"(37)<dynamic.DynamicTest: void methodHandle()>""(37)<dynamic.DynamicTest: void methodHandle()>"	284dynamic.DynamicTest.methodHandle()V:35:2:49:3	31dynamic.DynamicTest.methodHandle():35:7:49:2	(37)dynamic.DynamicTest:methodHandle()dynamic.DynamicTest.methodHandle()	24dynamic.DynamicTest.methodHandle()V:37	43dynamic.DynamicTest.methodHandle():void:DynamicTest.java:31:1:49:2	95
9	6	"<java.lang.invoke.MethodType: java.lang.invoke.MethodType methodType(java.lang.Class,java.lang.Class)>""<java.lang.invoke.MethodType: java.lang.invoke.MethodType methodType(java.lang.Class,java.lang.Class)>"	289java.lang.invoke.MethodType.methodType(Ljava/lang/Class;Ljava/lang/Class;)Ljava/lang/invoke/MethodType;:-1:-1:-1:-1	32java.lang.invoke.MethodType.methodType(java.lang.Class,java.lang.Class):-1:-1:-1:-1	java.lang.invoke.MethodType:methodType(java.lang.Class,java.lang.Class)java.lang.invoke.MethodType.methodType(java.lang.Class,java.lang.Class)	25java.lang.invoke.MethodType.methodType(Ljava/lang/Class;Ljava/lang/Class;)Ljava/lang/invoke/MethodType;:274	44java.lang.invoke.MethodType.methodType(java.lang.Class<>;java.lang.Class<>):java.lang.invoke.MethodType::-1:-1:-1:-1	95
8	6	"<java.lang.invoke.MethodHandles: java.lang.invoke.MethodHandles$Lookup lookup()>""<java.lang.invoke.MethodHandles: java.lang.invoke.MethodHandles$Lookup lookup()>"	297java.lang.invoke.MethodHandles.lookup()Ljava/lang/invoke/MethodHandles$Lookup;:-1:-1:-1:-1	33java.lang.invoke.MethodHandles.lookup():-1:-1:-1:-1	java.lang.invoke.MethodHandles:lookup()java.lang.invoke.MethodHandles.lookup()	26java.lang.invoke.MethodHandles.lookup()Ljava/lang/invoke/MethodHandles$Lookup;:94	45java.lang.invoke.MethodHandles.lookup():java.lang.invoke.MethodHandles$Lookup::-1:-1:-1:-1	95
80	6	"<java.lang.invoke.MethodHandles$Lookup: java.lang.invoke.MethodHandle findStatic(java.lang.Class,java.lang.String,java.lang.invoke.MethodType)>""<java.lang.invoke.MethodHandles$Lookup: java.lang.invoke.MethodHandle findStatic(java.lang.Class,java.lang.String,java.lang.invoke.MethodType)>"	302java.lang.invoke.MethodHandles$Lookup.findStatic(Ljava/lang/Class;Ljava/lang/String;Ljava/lang/invoke/MethodType;)Ljava/lang/invoke/MethodHandle;:-1:-1:-1:-1	34java.lang.invoke.MethodHandles$Lookup.findStatic(java.lang.Class,java.lang.String,java.lang.invoke.MethodType):-1:-1:-1:-1	java.lang.invoke.MethodHandles$Lookup:findStatic(java.lang.Class,java.lang.String,java.lang.invoke.MethodType)java.lang.invoke.MethodHandles$Lookup.findStatic(java.lang.Class,java.lang.String,java.lang.invoke.MethodType)	27java.lang.invoke.MethodHandles$Lookup.findStatic(Ljava/lang/Class;Ljava/lang/String;Ljava/lang/invoke/MethodType;)Ljava/lang/invoke/MethodHandle;:780	46java.lang.invoke.MethodHandles$Lookup.findStatic(java.lang.Class<>;java.lang.String;java.lang.invoke.MethodType):java.lang.invoke.MethodHandle::-1:-1:-1:-1	95
81	5	"<java.lang.invoke.MethodHandle: java.lang.Object invokeWithArguments(java.lang.Object[])>""<java.lang.invoke.MethodHandle: java.lang.Object invokeWithArguments(java.lang.Object[])>"	307java.lang.invoke.MethodHandle.invokeWithArguments([Ljava/lang/Object;)Ljava/lang/Object;:-1:-1:-1:-1	35java.lang.invoke.MethodHandle.invokeWithArguments(java.lang.Object[]):-1:-1:-1:-1	java.lang.invoke.MethodHandle:invokeWithArguments(java.lang.Object[])java.lang.invoke.MethodHandle.invokeWithArguments(java.lang.Object[])	x	47java.lang.invoke.MethodHandle.invokeWithArguments(java.lang.Object[]):java.lang.Object::-1:-1:-1:-1	79
82	6	"<java.lang.Throwable: void printStackTrace()>""<java.lang.Throwable: void printStackTrace()>"	312java.lang.Throwable.printStackTrace()V:-1:-1:-1:-1	36java.lang.Throwable.printStackTrace():-1:-1:-1:-1	java.lang.Throwable:printStackTrace()java.lang.Throwable.printStackTrace()	28java.lang.Throwable.printStackTrace()V:634	48java.lang.Throwable.printStackTrace():void::-1:-1:-1:-1	95
74	6	"(51)<dynamic.DynamicTest: void test()>""(51)<dynamic.DynamicTest: void test()>"	242dynamic.DynamicTest.test()V:50:2:53:3	37dynamic.DynamicTest.test():50:14:53:2	(51)dynamic.DynamicTest:test()dynamic.DynamicTest.test()	29dynamic.DynamicTest.test()V:51	13dynamic.DynamicTest.test():void:DynamicTest.java:50:1:53:2	95
72	6	"(55)<dynamic.DynamicTest: void main(java.lang.String[])>""(55)<dynamic.DynamicTest: void main(java.lang.String[])>"	316dynamic.DynamicTest.main([Ljava/lang/String;)V:54:2:57:3	38dynamic.DynamicTest.main(java.lang.String[]):54:21:57:2	(55)dynamic.DynamicTest:main(java.lang.String[])dynamic.DynamicTest.main(java.lang.String[])	30dynamic.DynamicTest.main([Ljava/lang/String;)V:55	49dynamic.DynamicTest.main(java.lang.String[]):void:DynamicTest.java:54:1:57:2	95
83	6	"(3)<java8.Java8Test: void <init>()>""(3)<java8.Java8Test: void <init>()>"	226java8.Java8Test.<init>()V:-1:-1:-1:-1	73java8.Java8Test.Java8Test():-1:-1:-1:-1	(3)java8.Java8Test:<init>()java8.Java8Test.<init>()	96java8.Java8Test.<init>()V:3	8java8.Java8Test.<init>():void:Java8Test.java:-1:-1:-1:-1	95
12	6	"(9)<java8.Java8Test: void lambda()>""(9)<java8.Java8Test: void lambda()>"	474java8.Java8Test.lambda()V:8:2:12:3	74java8.Java8Test.lambda():8:15:12:2	(9)java8.Java8Test:lambda()java8.Java8Test.lambda()	98java8.Java8Test.lambda()V:9	84java8.Java8Test.lambda():void:Java8Test.java:4:1:12:2	95
154	1	x	x	x	java8.Lambda:compare()java8.Lambda.compare()	x	x	8
150	4	x	479java8.Lambda.compare(II)Z:4:2:4:34	75java8.Lambda.compare(int,int):-1:-1:-1:-1	java8.Lambda:compare(int,int)java8.Lambda.compare(int,int)	x	85java8.Lambda.compare(int;int):boolean:Java8Test.java:10:13:10:92	78
13	6	"(15)<java8.Java8Test: void methodReference()>""(15)<java8.Java8Test: void methodReference()>"	481java8.Java8Test.methodReference()V:14:2:18:3	76java8.Java8Test.methodReference():14:7:18:2	(15)java8.Java8Test:methodReference()java8.Java8Test.methodReference()	99java8.Java8Test.methodReference()V:15	86java8.Java8Test.methodReference():void:Java8Test.java:14:1:18:2	95
22	6	"(18)<java8.MethodReference: void <init>()>""(18)<java8.MethodReference: void <init>()>"	482java8.MethodReference.<init>()V:18:2:21:3	86java8.MethodReference.<initblock>():7:15:7:39	java8.MethodReference:<init>()java8.MethodReference.<init>()	102java8.MethodReference.<init>()V:18	87java8.MethodReference.<init>():void:MethodReference.java:18:1:21:2	95
84	6	"(28)<java8.MethodReference: void doSomething()>""(28)<java8.MethodReference: void doSomething()>"	484java8.MethodReference.doSomething()V:27:2:29:3	78java8.MethodReference.doSomething():27:14:29:2	java8.MethodReference:doSomething()java8.MethodReference.doSomething()	103java8.MethodReference.doSomething()V:28	88java8.MethodReference.doSomething():void:MethodReference.java:23:1:29:2	95
14	6	"(25)<java8.Java8Test: void functionalInterface()>""(25)<java8.Java8Test: void functionalInterface()>"	486java8.Java8Test.functionalInterface()V:24:2:28:3	79java8.Java8Test.functionalInterface():24:7:28:2	(25)java8.Java8Test:functionalInterface()java8.Java8Test.functionalInterface()	100java8.Java8Test.functionalInterface()V:25	89java8.Java8Test.functionalInterface():void:Java8Test.java:20:1:28:2	95
155	1	x	x	x	java8.FunctionalInterface:doSomething()java8.FunctionalInterface.doSomething()	x	x	8
149	4	x	472java8.FunctionalInterface.doSomething(Ljava/lang/String;)Ljava/lang/String;:4:2:4:33	80java8.FunctionalInterface.doSomething(java.lang.String):-1:-1:-1:-1	java8.FunctionalInterface:doSomething(java.lang.String)java8.FunctionalInterface.doSomething(java.lang.String)	x	82java8.FunctionalInterface.doSomething(java.lang.String):java.lang.String:FunctionalInterface.java:4:1:4:32	78
15	6	"(35)<java8.Java8Test: void functionalInterface2()>""(35)<java8.Java8Test: void functionalInterface2()>"	491java8.Java8Test.functionalInterface2()V:34:2:39:3	81java8.Java8Test.functionalInterface2():34:7:39:2	(35)java8.Java8Test:functionalInterface2()java8.Java8Test.functionalInterface2()	101java8.Java8Test.functionalInterface2()V:35	90java8.Java8Test.functionalInterface2():void:Java8Test.java:30:1:39:2	95
16	6	"(42)<java8.Java8Test: void test()>""(42)<java8.Java8Test: void test()>"	221java8.Java8Test.test()V:41:2:47:3	84java8.Java8Test.test():41:14:47:2	(42)java8.Java8Test:test()java8.Java8Test.test()	97java8.Java8Test.test()V:42	7java8.Java8Test.test():void:Java8Test.java:41:1:47:2	95
85	6	"(50)<java8.Java8Test: void main(java.lang.String[])>""(50)<java8.Java8Test: void main(java.lang.String[])>"	501java8.Java8Test.main([Ljava/lang/String;)V:49:2:51:3	85java8.Java8Test.main(java.lang.String[]):49:21:51:2	(50)java8.Java8Test:main(java.lang.String[])java8.Java8Test.main(java.lang.String[])	120java8.Java8Test.main([Ljava/lang/String;)V:50	94java8.Java8Test.main(java.lang.String[]):void:Java8Test.java:49:1:51:2	95
17	2	"(11)<java8.Java8Test: boolean lambda$0(int,int)>""(11)<java8.Java8Test: boolean lambda$0(int,int)>"	x	x	(10)java8.Java8Test:lambda$0(int,int)java8.Java8Test.lambda$0(int,int)	x	x	9
18	3	"(37)<java8.Java8Test: java.lang.String lambda$3(java.lang.String)>""(37)<java8.Java8Test: java.lang.String lambda$3(java.lang.String)>"	x	x	(36)java8.Java8Test:lambda$3(java.lang.String)java8.Java8Test.lambda$3(java.lang.String)	114java8.Java8Test.lambda$3(Ljava/lang/String;)Ljava/lang/String;:36	x	25
86	6	"(3)<helper.Child1: void <init>()>""(3)<helper.Child1: void <init>()>"	145helper.Child1.<init>()V:-1:-1:-1:-1	8helper.Child1.Child1():-1:-1:-1:-1	helper.Child1:<init>()helper.Child1.<init>()	8helper.Child1.<init>()V:3	55helper.Child1.<init>():void:Polimorph.java:-1:-1:-1:-1	95
87	5	"<java.lang.String: void <init>(java.lang.String)>""<java.lang.String: void <init>(java.lang.String)>"	x	82java.lang.String.String(java.lang.String):-1:-1:-1:-1	java.lang.String:<init>(java.lang.String)java.lang.String.<init>(java.lang.String)	115java.lang.String.<init>(Ljava/lang/String;)V:151	93java.lang.String.<init>(java.lang.String):void::-1:-1:-1:-1	93
88	5	"<java.lang.String: java.lang.String toLowerCase()>""<java.lang.String: java.lang.String toLowerCase()>"	x	83java.lang.String.toLowerCase():-1:-1:-1:-1	java.lang.String:toLowerCase()java.lang.String.toLowerCase()	116java.lang.String.toLowerCase()Ljava/lang/String;:2670	92java.lang.String.toLowerCase():java.lang.String::-1:-1:-1:-1	93
20	6	"(10)<java8.MethodReference: java.lang.String print(java.lang.String)>""(10)<java8.MethodReference: java.lang.String print(java.lang.String)>"	518java8.MethodReference.print(Ljava/lang/String;)Ljava/lang/String;:9:2:12:3	88java8.MethodReference.print(java.lang.String):9:23:12:2	(10)java8.MethodReference:print(java.lang.String)java8.MethodReference.print(java.lang.String)	109java8.MethodReference.print(Ljava/lang/String;)Ljava/lang/String;:10	96java8.MethodReference.print(java.lang.String):java.lang.String:MethodReference.java:9:1:12:2	95
21	6	"(15)<java8.MethodReference: void privatePrint()>""(15)<java8.MethodReference: void privatePrint()>"	520java8.MethodReference.privatePrint()V:14:2:16:3	89java8.MethodReference.privatePrint():14:21:16:2	(15)java8.MethodReference:privatePrint()java8.MethodReference.privatePrint()	23java8.MethodReference.privatePrint()V:15	97java8.MethodReference.privatePrint():void:MethodReference.java:14:1:16:2	95
89	5	"<java.util.ArrayList: void <init>()>""<java.util.ArrayList: void <init>()>"	x	87java.util.ArrayList.ArrayList():-1:-1:-1:-1	java.util.ArrayList:<init>()java.util.ArrayList.<init>()	104java.util.ArrayList.<init>()V:164	95java.util.ArrayList<java.lang.String>.<init>():void::-1:-1:-1:-1	93
151	4	x	521java.util.List.add(Ljava/lang/Object;)Z:-1:-1:-1:-1	90java.util.List.add(java.lang.Object):-1:-1:-1:-1	java.util.List:add(java.lang.Object)java.util.List.add(java.lang.Object)	x	98java.util.List<java.lang.String>.add(java.lang.String):boolean::-1:-1:-1:-1	78
156	1	x	x	x	java.util.function.Consumer:accept()java.util.function.Consumer.accept()	x	x	8
157	1	x	x	x	java.util.List:forEach(java.util.function.Consumer)java.util.List.forEach(java.util.function.Consumer)	x	x	8
108	5	"(2)<CallGraphTest: void <init>()>""(2)<CallGraphTest: void <init>()>"	204CallGraphTest.<init>()V:-1:-1:-1:-1	122CallGraphTest.CallGraphTest():-1:-1:-1:-1	(2)CallGraphTest:<init>().CallGraphTest.<init>()	92CallGraphTest.<init>()V:2	x	31
109	6	"(5)<CallGraphTest: void main(java.lang.String[])>""(5)<CallGraphTest: void main(java.lang.String[])>"	205CallGraphTest.main([Ljava/lang/String;)V:4:2:12:3	123CallGraphTest.main(java.lang.String[]):4:21:12:2	(5)CallGraphTest:main(java.lang.String[]).CallGraphTest.main(java.lang.String[])	93CallGraphTest.main([Ljava/lang/String;)V:5	0CallGraphTest.main(java.lang.String[]):void:CallGraphTest.java:4:1:12:2	95
110	6	"(3)<parser.ParserTest: void <init>()>""(3)<parser.ParserTest: void <init>()>"	212parser.ParserTest.<init>()V:-1:-1:-1:-1	97parser.ParserTest.ParserTest():-1:-1:-1:-1	parser.ParserTest:<init>()parser.ParserTest.<init>()	43parser.ParserTest.<init>()V:3	2parser.ParserTest.<init>():void:ParserTest.java:-1:-1:-1:-1	95
29	6	"(12)<parser.ParserTest: void test()>""(12)<parser.ParserTest: void test()>"	207parser.ParserTest.test()V:11:2:20:3	98parser.ParserTest.test():11:14:20:2	parser.ParserTest:test()parser.ParserTest.test()	44parser.ParserTest.test()V:12	1parser.ParserTest.test():void:ParserTest.java:5:1:20:2	95
111	6	"(3)<anonymAndInner.AnonymAndInnerTest: void <init>()>""(3)<anonymAndInner.AnonymAndInnerTest: void <init>()>"	120anonymAndInner.AnonymAndInnerTest.<init>()V:-1:-1:-1:-1	0anonymAndInner.AnonymAndInnerTest.AnonymAndInnerTest():-1:-1:-1:-1	anonymAndInner.AnonymAndInnerTest:<init>()anonymAndInner.AnonymAndInnerTest.<init>()	46anonymAndInner.AnonymAndInnerTest.<init>()V:3	4anonymAndInner.AnonymAndInnerTest.<init>():void:AnonymAndInnerTest.java:-1:-1:-1:-1	95
112	6	"(55)<anonymAndInner.AnonymAndInnerTest: void test()>""(55)<anonymAndInner.AnonymAndInnerTest: void test()>"	179anonymAndInner.AnonymAndInnerTest.test()V:54:2:58:3	20anonymAndInner.AnonymAndInnerTest.test():54:14:58:2	anonymAndInner.AnonymAndInnerTest:test()anonymAndInner.AnonymAndInnerTest.test()	62anonymAndInner.AnonymAndInnerTest.test()V:55	3anonymAndInner.AnonymAndInnerTest.test():void:AnonymAndInnerTest.java:54:1:58:2	95
113	6	"(5)<initialization.InitializationTest: void <init>()>""(5)<initialization.InitializationTest: void <init>()>"	219initialization.InitializationTest.<init>()V:-1:-1:-1:-1	67initialization.InitializationTest.InitializationTest():-1:-1:-1:-1	initialization.InitializationTest:<init>()initialization.InitializationTest.<init>()	94initialization.InitializationTest.<init>()V:5	6initialization.InitializationTest.<init>():void:InitializationTest.java:-1:-1:-1:-1	95
71	6	"(14)<initialization.InitializationTest: void test()>""(14)<initialization.InitializationTest: void test()>"	214initialization.InitializationTest.test()V:13:5:18:6	68initialization.InitializationTest.test():13:17:18:5	initialization.InitializationTest:test()initialization.InitializationTest.test()	95initialization.InitializationTest.test()V:14	5initialization.InitializationTest.test():void:InitializationTest.java:7:1:18:5	95
114	6	"(3)<generics.GenericsTest: void <init>()>""(3)<generics.GenericsTest: void <init>()>"	233generics.GenericsTest.<init>()V:-1:-1:-1:-1	44generics.GenericsTest.GenericsTest():-1:-1:-1:-1	generics.GenericsTest:<init>()generics.GenericsTest.<init>()	64generics.GenericsTest.<init>()V:3	10generics.GenericsTest.<init>():void:GenericsTest.java:-1:-1:-1:-1	95
25	6	"(13)<generics.GenericsTest: void test()>""(13)<generics.GenericsTest: void test()>"	228generics.GenericsTest.test()V:12:2:28:3	46generics.GenericsTest.test():12:14:28:2	generics.GenericsTest:test()generics.GenericsTest.test()	66generics.GenericsTest.test()V:13	9generics.GenericsTest.test():void:GenericsTest.java:12:1:28:2	95
115	6	"(3)<polimorph.PolimorphTest: void <init>()>""(3)<polimorph.PolimorphTest: void <init>()>"	240polimorph.PolimorphTest.<init>()V:-1:-1:-1:-1	117polimorph.PolimorphTest.PolimorphTest():-1:-1:-1:-1	polimorph.PolimorphTest:<init>()polimorph.PolimorphTest.<init>()	68polimorph.PolimorphTest.<init>()V:3	12polimorph.PolimorphTest.<init>():void:PolimorphTest.java:-1:-1:-1:-1	95
62	6	"(24)<polimorph.PolimorphTest: void test()>""(24)<polimorph.PolimorphTest: void test()>"	235polimorph.PolimorphTest.test()V:23:2:27:3	120polimorph.PolimorphTest.test():23:14:27:2	polimorph.PolimorphTest:test()polimorph.PolimorphTest.test()	90polimorph.PolimorphTest.test()V:24	11polimorph.PolimorphTest.test():void:PolimorphTest.java:23:1:27:2	95
24	6	"(8)<generics.GenericsTest: void genericMethod(helper.Interface)>""(8)<generics.GenericsTest: void genericMethod(helper.Interface)>"	353generics.GenericsTest.genericMethod(Lhelper/Interface;)V:7:2:10:3	45generics.GenericsTest.genericMethod(helper.Interface):7:43:10:2	(8)generics.GenericsTest:genericMethod(helper.Interface)generics.GenericsTest.genericMethod(helper.Interface)	65generics.GenericsTest.genericMethod(Lhelper/Interface;)V:8	53generics.GenericsTest.genericMethod(T):void:GenericsTest.java:4:1:10:2	95
147	4	x	329helper.Interface.foo()V:4:4:4:15	39helper.Interface.foo():-1:-1:-1:-1	helper.Interface:foo()helper.Interface.foo()	x	50helper.Interface.foo():void:Interface.java:4:3:4:14	78
116	6	"(3)<generics.Generic1: void <init>()>""(3)<generics.Generic1: void <init>()>"	161generics.Generic1.<init>()V:-1:-1:-1:-1	13generics.Generic1.Generic1():-1:-1:-1:-1	generics.Generic1:<init>()generics.Generic1.<init>()	12generics.Generic1.<init>()V:3	54generics.Generic1<helper.Interface>.<init>():void:ForParser.java:-1:-1:-1:-1	95
26	5	"(9)<generics.Generic1: void generic(helper.Interface)>""(9)<generics.Generic1: void generic(helper.Interface)>"	166generics.Generic1.generic(Lhelper/Interface;)V:8:2:11:3	15generics.Generic1.generic(helper.Interface):8:14:11:2	generics.Generic1:generic(helper.Interface)generics.Generic1.generic(helper.Interface)	14generics.Generic1.generic(Lhelper/Interface;)V:9	x	31
118	6	"(3)<helper.Child2: void <init>()>""(3)<helper.Child2: void <init>()>"	365helper.Child2.<init>()V:-1:-1:-1:-1	47helper.Child2.Child2():-1:-1:-1:-1	helper.Child2:<init>()helper.Child2.<init>()	4helper.Child2.<init>()V:3	57helper.Child2.<init>():void:Polimorph.java:-1:-1:-1:-1	95
119	6	"(3)<generics.Generic2: void <init>()>""(3)<generics.Generic2: void <init>()>"	335generics.Generic2.<init>()V:-1:-1:-1:-1	40generics.Generic2.Generic2():-1:-1:-1:-1	generics.Generic2:<init>()generics.Generic2.<init>()	35generics.Generic2.<init>()V:3	58generics.Generic2<helper.Interface,generics.Generic1>.<init>():void:ForParser.java:-1:-1:-1:-1	95
27	6	"(8)<generics.Generic2: void generic(helper.Interface,generics.Generic1)>""(8)<generics.Generic2: void generic(helper.Interface,generics.Generic1)>"	336generics.Generic2.generic(Lhelper/Interface;Lgenerics/Generic1;)V:7:2:11:3	41generics.Generic2.generic(helper.Interface,generics.Generic1):7:14:11:2	generics.Generic2:generic(helper.Interface,generics.Generic1)generics.Generic2.generic(helper.Interface,generics.Generic1)	36generics.Generic2.generic(Lhelper/Interface;Lgenerics/Generic1;)V:8	51generics.Generic2<helper.Interface,generics.Generic1>.generic(T;K):void:Generic2.java:4:1:11:2	95
120	6	"(3)<generics.Generic3: void <init>()>""(3)<generics.Generic3: void <init>()>"	350generics.Generic3.<init>()V:-1:-1:-1:-1	42generics.Generic3.Generic3():-1:-1:-1:-1	generics.Generic3:<init>()generics.Generic3.<init>()	11generics.Generic3.<init>()V:3	61generics.Generic3.<init>():void::-1:-1:-1:-1	95
28	6	"(8)<generics.Generic3: void foo()>""(8)<generics.Generic3: void foo()>"	351generics.Generic3.foo()V:7:2:10:3	43generics.Generic3.foo():7:14:10:2	generics.Generic3:foo()generics.Generic3.foo()	13generics.Generic3.foo()V:8	60generics.Generic3.foo():void:Generic3.java:4:1:10:2	95
121	6	"(30)<generics.GenericsTest: void main(java.lang.String[])>""(30)<generics.GenericsTest: void main(java.lang.String[])>"	379generics.GenericsTest.main([Ljava/lang/String;)V:29:2:31:3	48generics.GenericsTest.main(java.lang.String[]):29:21:31:2	(30)generics.GenericsTest:main(java.lang.String[])generics.GenericsTest.main(java.lang.String[])	67generics.GenericsTest.main([Ljava/lang/String;)V:30	63generics.GenericsTest.main(java.lang.String[]):void:GenericsTest.java:29:1:31:2	95
158	1	x	x	x	generics.Generic3:generic(helper.Interface)generics.Generic3.generic(helper.Interface)	x	x	8
122	6	"(3)<parser.ForParser: void <init>()>""(3)<parser.ForParser: void <init>()>"	532parser.ForParser.<init>()V:-1:-1:-1:-1	92parser.ForParser.ForParser():-1:-1:-1:-1	parser.ForParser:<init>()parser.ForParser.<init>()	31parser.ForParser.<init>()V:3	102parser.ForParser.<init>():void:ParserTest.java:-1:-1:-1:-1	95
30	6	"(8)<parser.ForParser: void foo()>""(8)<parser.ForParser: void foo()>"	535parser.ForParser.foo()V:7:7:9:3	93parser.ForParser.foo():7:27:9:2	parser.ForParser:foo()parser.ForParser.foo()	32parser.ForParser.foo()V:8	103parser.ForParser.foo():void:ForParser.java:7:1:9:2	95
31	6	"(12)<parser.ForParser: void goo()>""(12)<parser.ForParser: void goo()>"	536parser.ForParser.goo()V:11:7:13:3	94parser.ForParser.goo():11:27:13:2	parser.ForParser:goo()parser.ForParser.goo()	33parser.ForParser.goo()V:12	104parser.ForParser.goo():void:ForParser.java:11:1:13:2	95
32	6	"(17)<parser.ForParser: generics.Generic2 validMethod(helper.Child2,generics.Generic1,java.lang.Class[])>""(17)<parser.ForParser: generics.Generic2 validMethod(helper.Child2,generics.Generic1,java.lang.Class[])>"	537parser.ForParser.validMethod(Lhelper/Child2;Lgenerics/Generic1;[Ljava/lang/Class;)Lgenerics/Generic2;:16:2:22:3	95parser.ForParser.validMethod(helper.Child2,generics.Generic1,java.lang.Class[]):16:69:22:2	parser.ForParser:validMethod(helper.Child2,generics.Generic1,java.lang.Class[])parser.ForParser.validMethod(helper.Child2,generics.Generic1,java.lang.Class[])	34parser.ForParser.validMethod(Lhelper/Child2;Lgenerics/Generic1;[Ljava/lang/Class;)Lgenerics/Generic2;:17	105parser.ForParser.validMethod(helper.Child2;generics.Generic1<helper.Interface>;java.lang.Class<?>[]):generics.Generic2<helper.Interface,generics.Generic1>:ForParser.java:16:1:22:2	95
33	6	"(25)<parser.ForParser: generics.Generic2 validGenericMethod(helper.Child2,generics.Generic1,java.lang.Class[])>""(25)<parser.ForParser: generics.Generic2 validGenericMethod(helper.Child2,generics.Generic1,java.lang.Class[])>"	548parser.ForParser.validGenericMethod(Lhelper/Child2;Lgenerics/Generic1;[Ljava/lang/Class;)Lgenerics/Generic2;:24:2:30:3	96parser.ForParser.validGenericMethod(helper.Child2,generics.Generic1,java.lang.Class[]):24:98:30:2	parser.ForParser:validGenericMethod(helper.Child2,generics.Generic1,java.lang.Class[])parser.ForParser.validGenericMethod(helper.Child2,generics.Generic1,java.lang.Class[])	37parser.ForParser.validGenericMethod(Lhelper/Child2;Lgenerics/Generic1;[Ljava/lang/Class;)Lgenerics/Generic2;:25	106parser.ForParser.validGenericMethod(helper.Child2;generics.Generic1<helper.Interface>;java.lang.Class<?>[]):generics.Generic2<helper.Interface,generics.Generic1>:ForParser.java:24:1:30:2	95
123	6	"(23)<parser.ParserTest: void main(java.lang.String[])>""(23)<parser.ParserTest: void main(java.lang.String[])>"	570parser.ParserTest.main([Ljava/lang/String;)V:22:2:24:3	99parser.ParserTest.main(java.lang.String[]):22:21:24:2	(23)parser.ParserTest:main(java.lang.String[])parser.ParserTest.main(java.lang.String[])	45parser.ParserTest.main([Ljava/lang/String;)V:23	108parser.ParserTest.main(java.lang.String[]):void:ParserTest.java:22:1:24:2	95
124	6	"(3)<anonymAndInner.Outer: void <init>()>""(3)<anonymAndInner.Outer: void <init>()>"	133anonymAndInner.Outer.<init>()V:-1:-1:-1:-1	4anonymAndInner.Outer.Outer():-1:-1:-1:-1	(3)anonymAndInner.Outer:<init>()anonymAndInner.Outer.<init>()	52anonymAndInner.Outer.<init>()V:3	22anonymAndInner.Outer.<init>():void::-1:-1:-1:-1	95
34	6	"(6)<anonymAndInner.Outer: void inner()>""(6)<anonymAndInner.Outer: void inner()>"	135anonymAndInner.Outer.inner()V:5:2:8:3	5anonymAndInner.Outer.inner():5:14:8:2	(6)anonymAndInner.Outer:inner()anonymAndInner.Outer.inner()	53anonymAndInner.Outer.inner()V:6	15anonymAndInner.Outer.inner():void:Outer.java:5:1:8:2	95
125	3	"(10)<anonymAndInner.Outer$Inner: void <init>(anonymAndInner.Outer)>""(10)<anonymAndInner.Outer$Inner: void <init>(anonymAndInner.Outer)>"	x	x	anonymAndInner.Outer$Inner:<init>(anonymAndInner.Outer)anonymAndInner.Outer$Inner.<init>(anonymAndInner.Outer)	54anonymAndInner.Outer$Inner.<init>(LanonymAndInner/Outer;)V:10	x	25
38	6	"(12)<anonymAndInner.Outer$Inner: void inner()>""(12)<anonymAndInner.Outer$Inner: void inner()>"	194anonymAndInner.Outer$Inner.inner()V:11:3:13:4	23anonymAndInner.Outer$Inner.inner():11:15:13:3	anonymAndInner.Outer$Inner:inner()anonymAndInner.Outer$Inner.inner()	55anonymAndInner.Outer$Inner.inner()V:12	17anonymAndInner.Outer$Inner.inner():void:Outer.java:11:2:13:3	95
126	3	"(1)<anonymAndInner.AnonymAndInnerTest$1: void <init>(anonymAndInner.AnonymAndInnerTest)>""(1)<anonymAndInner.AnonymAndInnerTest$1: void <init>(anonymAndInner.AnonymAndInnerTest)>"	x	x	(1)anonymAndInner.AnonymAndInnerTest$1:<init>(anonymAndInner.AnonymAndInnerTest)anonymAndInner.AnonymAndInnerTest$1.<init>(anonymAndInner.AnonymAndInnerTest)	57anonymAndInner.AnonymAndInnerTest$1.<init>(LanonymAndInner/AnonymAndInnerTest;)V:1	x	25
35	6	"(25)<anonymAndInner.AnonymAndInnerTest$1: void foo()>""(25)<anonymAndInner.AnonymAndInnerTest$1: void foo()>"	147anonymAndInner.AnonymAndInnerTest$1.foo()V:24:4:26:5	9anonymAndInner.AnonymAndInnerTest$1.foo():24:16:26:4	(25)anonymAndInner.AnonymAndInnerTest$1:foo()anonymAndInner.AnonymAndInnerTest$1.foo()	49anonymAndInner.AnonymAndInnerTest$1.foo()V:25	25anonymAndInner.AnonymAndInnerTest$1.foo():void:AnonymAndInnerTest.java:24:3:26:4	95
127	6	"(16)<anonymAndInner.Outer$Nested: void <init>()>""(16)<anonymAndInner.Outer$Nested: void <init>()>"	175anonymAndInner.Outer$Nested.<init>()V:-1:-1:-1:-1	17anonymAndInner.Outer$Nested.Outer$Nested():-1:-1:-1:-1	(16)anonymAndInner.Outer$Nested:<init>()anonymAndInner.Outer$Nested.<init>()	59anonymAndInner.Outer$Nested.<init>()V:16	33anonymAndInner.Outer$Nested.<init>():void::-1:-1:-1:-1	95
36	6	"(18)<anonymAndInner.Outer$Nested: void staticNested()>""(18)<anonymAndInner.Outer$Nested: void staticNested()>"	177anonymAndInner.Outer$Nested.staticNested()V:17:3:19:4	19anonymAndInner.Outer$Nested.staticNested():17:22:19:3	(18)anonymAndInner.Outer$Nested:staticNested()anonymAndInner.Outer$Nested.staticNested()	61anonymAndInner.Outer$Nested.staticNested()V:18	19anonymAndInner.Outer$Nested.staticNested():void:Outer.java:17:2:19:3	95
37	6	"(22)<anonymAndInner.Outer$Nested: void nested()>""(22)<anonymAndInner.Outer$Nested: void nested()>"	170anonymAndInner.Outer$Nested.nested()V:21:3:23:4	18anonymAndInner.Outer$Nested.nested():21:15:23:3	(22)anonymAndInner.Outer$Nested:nested()anonymAndInner.Outer$Nested.nested()	60anonymAndInner.Outer$Nested.nested()V:22	20anonymAndInner.Outer$Nested.nested():void:Outer.java:21:2:23:3	95
39	6	"(9)<anonymAndInner.AnonymAndInnerTest: void innerClass()>""(9)<anonymAndInner.AnonymAndInnerTest: void innerClass()>"	123anonymAndInner.AnonymAndInnerTest.innerClass()V:8:2:13:3	2anonymAndInner.AnonymAndInnerTest.innerClass():8:7:13:2	(9)anonymAndInner.AnonymAndInnerTest:innerClass()anonymAndInner.AnonymAndInnerTest.innerClass()	51anonymAndInner.AnonymAndInnerTest.innerClass()V:9	21anonymAndInner.AnonymAndInnerTest.innerClass():void:AnonymAndInnerTest.java:4:1:13:2	95
40	6	"(21)<anonymAndInner.AnonymAndInnerTest: void anonim()>""(21)<anonymAndInner.AnonymAndInnerTest: void anonim()>"	137anonymAndInner.AnonymAndInnerTest.anonim()V:20:2:41:3	6anonymAndInner.AnonymAndInnerTest.anonim():20:7:41:2	(21)anonymAndInner.AnonymAndInnerTest:anonim()anonymAndInner.AnonymAndInnerTest.anonim()	56anonymAndInner.AnonymAndInnerTest.anonim()V:21	23anonymAndInner.AnonymAndInnerTest.anonim():void:AnonymAndInnerTest.java:15:1:41:2	95
49	6	"(8)<helper.Child1: void foo()>""(8)<helper.Child1: void foo()>"	148helper.Child1.foo()V:7:2:9:3	10helper.Child1.foo():7:14:9:2	helper.Child1:foo()helper.Child1.foo()	15helper.Child1.foo()V:8	26helper.Child1.foo():void:Child1.java:7:1:9:2	95
48	6	"(5)<helper.Child1: void goo()>""(5)<helper.Child1: void goo()>"	150helper.Child1.goo()V:4:2:6:3	11helper.Child1.goo():4:14:6:2	helper.Child1:goo()helper.Child1.goo()	38helper.Child1.goo()V:5	27helper.Child1.goo():void:Child1.java:4:1:6:2	95
159	1	x	x	x	anonymAndInner.AnonymAndInnerTest$2:<init>(anonymAndInner.AnonymAndInnerTest)anonymAndInner.AnonymAndInnerTest$2.<init>(anonymAndInner.AnonymAndInnerTest)	x	x	8
41	6	"(48)<anonymAndInner.AnonymAndInnerTest: void nested()>""(48)<anonymAndInner.AnonymAndInnerTest: void nested()>"	168anonymAndInner.AnonymAndInnerTest.nested()V:47:2:52:3	16anonymAndInner.AnonymAndInnerTest.nested():47:7:52:2	(48)anonymAndInner.AnonymAndInnerTest:nested()anonymAndInner.AnonymAndInnerTest.nested()	58anonymAndInner.AnonymAndInnerTest.nested()V:48	32anonymAndInner.AnonymAndInnerTest.nested():void:AnonymAndInnerTest.java:43:1:52:2	95
128	6	"(61)<anonymAndInner.AnonymAndInnerTest: void main(java.lang.String[])>""(61)<anonymAndInner.AnonymAndInnerTest: void main(java.lang.String[])>"	183anonymAndInner.AnonymAndInnerTest.main([Ljava/lang/String;)V:60:2:63:3	21anonymAndInner.AnonymAndInnerTest.main(java.lang.String[]):60:21:63:2	(61)anonymAndInner.AnonymAndInnerTest:main(java.lang.String[])anonymAndInner.AnonymAndInnerTest.main(java.lang.String[])	63anonymAndInner.AnonymAndInnerTest.main([Ljava/lang/String;)V:61	34anonymAndInner.AnonymAndInnerTest.main(java.lang.String[]):void:AnonymAndInnerTest.java:60:1:63:2	95
42	6	"(36)<anonymAndInner.AnonymAndInnerTest$2: void generic(helper.Child1)>""(36)<anonymAndInner.AnonymAndInnerTest$2: void generic(helper.Child1)>"	163anonymAndInner.AnonymAndInnerTest$2.generic(Lhelper/Child1;)V:35:4:38:5	14anonymAndInner.AnonymAndInnerTest$2.generic(helper.Child1):35:16:38:4	(36)anonymAndInner.AnonymAndInnerTest$2:generic(helper.Child1)anonymAndInner.AnonymAndInnerTest$2.generic(helper.Child1)	48anonymAndInner.AnonymAndInnerTest$2.generic(Lhelper/Child1;)V:36	29anonymAndInner.AnonymAndInnerTest$2.generic(helper.Child1):void:AnonymAndInnerTest.java:32:3:38:4	95
117	3	"(1)<anonymAndInner.AnonymAndInnerTest$2: void generic(helper.Interface)>""(1)<anonymAndInner.AnonymAndInnerTest$2: void generic(helper.Interface)>"	x	x	(1)anonymAndInner.AnonymAndInnerTest$2:generic(helper.Interface)anonymAndInner.AnonymAndInnerTest$2.generic(helper.Interface)	50anonymAndInner.AnonymAndInnerTest$2.generic(Lhelper/Interface;)V:1	x	25
129	5	"(3)<helper.Abstract: void <init>()>""(3)<helper.Abstract: void <init>()>"	391helper.Abstract.<init>()V:-1:-1:-1:-1	49helper.Abstract.Abstract():-1:-1:-1:-1	helper.Abstract:<init>()helper.Abstract.<init>()	5helper.Abstract.<init>()V:3	x	31
43	6	"(5)<helper.Child2: void goo()>""(5)<helper.Child2: void goo()>"	400helper.Child2.goo()V:4:2:6:3	54helper.Child2.goo():4:14:6:2	(5)helper.Child2:goo()helper.Child2.goo()	86helper.Child2.goo()V:5	69helper.Child2.goo():void:Child2.java:4:1:6:2	95
44	6	"(8)<helper.Child2: void hoo()>""(8)<helper.Child2: void hoo()>"	401helper.Child2.hoo()V:7:2:9:3	55helper.Child2.hoo():7:14:9:2	(8)helper.Child2:hoo()helper.Child2.hoo()	89helper.Child2.hoo()V:8	70helper.Child2.hoo():void:Child2.java:7:1:9:2	95
45	6	"(7)<helper.Interface: void hoo()>""(7)<helper.Interface: void hoo()>"	416helper.Interface.hoo()V:6:4:8:5	59helper.Interface.hoo():3:18:9:1	(7)helper.Interface:hoo()helper.Interface.hoo()	88helper.Interface.hoo()V:7	66helper.Interface.hoo():void:Interface.java:6:3:8:4	95
130	6	"(3)<helper.Child3: void <init>()>""(3)<helper.Child3: void <init>()>"	403helper.Child3.<init>()V:-1:-1:-1:-1	56helper.Child3.Child3():-1:-1:-1:-1	(3)helper.Child3:<init>()helper.Child3.<init>()	84helper.Child3.<init>()V:3	111helper.Child3.<init>():void:PolimorphTest.java:-1:-1:-1:-1	95
46	6	"(5)<helper.Child3: void hoo()>""(5)<helper.Child3: void hoo()>"	404helper.Child3.hoo()V:4:2:6:3	57helper.Child3.hoo():4:14:6:2	(5)helper.Child3:hoo()helper.Child3.hoo()	87helper.Child3.hoo()V:5	71helper.Child3.hoo():void:Child3.java:4:1:6:2	95
131	5	"(3)<helper.Debug: void <init>()>""(3)<helper.Debug: void <init>()>"	406helper.Debug.<init>()V:-1:-1:-1:-1	58helper.Debug.Debug():-1:-1:-1:-1	(3)helper.Debug:<init>()helper.Debug.<init>()	126helper.Debug.<init>()V:3	x	31
47	6	"(5)<helper.Abstract: void foo()>""(5)<helper.Abstract: void foo()>"	392helper.Abstract.foo()V:4:2:6:3	50helper.Abstract.foo():4:14:6:2	(5)helper.Abstract:foo()helper.Abstract.foo()	16helper.Abstract.foo()V:5	67helper.Abstract.foo():void:Abstract.java:4:1:6:2	95
50	6	"(11)<helper.Child1: void child1()>""(11)<helper.Child1: void child1()>"	399helper.Child1.child1()V:10:2:12:3	53helper.Child1.child1():10:14:12:2	(11)helper.Child1:child1()helper.Child1.child1()	39helper.Child1.child1()V:11	68helper.Child1.child1():void:Child1.java:10:1:12:2	95
132	5	"(3)<helper.Base: void <init>()>""(3)<helper.Base: void <init>()>"	394helper.Base.<init>()V:-1:-1:-1:-1	51helper.Base.Base():-1:-1:-1:-1	(3)helper.Base:<init>()helper.Base.<init>()	121helper.Base.<init>()V:3	x	31
51	6	"(5)<helper.Base: void base()>""(5)<helper.Base: void base()>"	395helper.Base.base()V:4:2:6:3	52helper.Base.base():4:14:6:2	(5)helper.Base:base()helper.Base.base()	122helper.Base.base()V:5	64helper.Base.base():void:Base.java:4:1:6:2	95
133	6	"(3)<polimorph.Overload: void <init>()>""(3)<polimorph.Overload: void <init>()>"	578polimorph.Overload.<init>()V:-1:-1:-1:-1	100polimorph.Overload.Overload():-1:-1:-1:-1	(3)polimorph.Overload:<init>()polimorph.Overload.<init>()	70polimorph.Overload.<init>()V:3	126polimorph.Overload.<init>():void::-1:-1:-1:-1	95
52	6	"(5)<polimorph.Overload: void foo()>""(5)<polimorph.Overload: void foo()>"	579polimorph.Overload.foo()V:4:2:6:3	101polimorph.Overload.foo():4:7:6:2	(5)polimorph.Overload:foo()polimorph.Overload.foo()	75polimorph.Overload.foo()V:5	116polimorph.Overload.foo():void:Overload.java:4:1:6:2	95
53	6	"(8)<polimorph.Overload: void foo(int)>""(8)<polimorph.Overload: void foo(int)>"	580polimorph.Overload.foo(I)V:7:2:9:3	102polimorph.Overload.foo(int):7:7:9:2	(8)polimorph.Overload:foo(int)polimorph.Overload.foo(int)	76polimorph.Overload.foo(I)V:8	117polimorph.Overload.foo(int):void:Overload.java:7:1:9:2	95
54	6	"(11)<polimorph.Overload: void foo(java.lang.Object)>""(11)<polimorph.Overload: void foo(java.lang.Object)>"	582polimorph.Overload.foo(Ljava/lang/Object;)V:10:2:12:3	103polimorph.Overload.foo(java.lang.Object):10:11:12:2	(11)polimorph.Overload:foo(java.lang.Object)polimorph.Overload.foo(java.lang.Object)	77polimorph.Overload.foo(Ljava/lang/Object;)V:11	118polimorph.Overload.foo(T):void:Overload.java:10:1:12:2	95
55	6	"(14)<polimorph.Overload: void foo(int,java.lang.Object[])>""(14)<polimorph.Overload: void foo(int,java.lang.Object[])>"	587polimorph.Overload.foo(I[Ljava/lang/Object;)V:13:2:15:3	104polimorph.Overload.foo(int,java.lang.Object[]):13:7:15:2	(14)polimorph.Overload:foo(int,java.lang.Object[])polimorph.Overload.foo(int,java.lang.Object[])	78polimorph.Overload.foo(I[Ljava/lang/Object;)V:14	119polimorph.Overload.foo(int;java.lang.Object[]):void:Overload.java:13:1:15:2	95
56	6	"(21)<polimorph.Overload: void overload1()>""(21)<polimorph.Overload: void overload1()>"	591polimorph.Overload.overload1()V:20:2:23:3	105polimorph.Overload.overload1():20:7:23:2	(21)polimorph.Overload:overload1()polimorph.Overload.overload1()	71polimorph.Overload.overload1()V:21	120polimorph.Overload.overload1():void:Overload.java:17:1:23:2	95
57	6	"(29)<polimorph.Overload: void overload2()>""(29)<polimorph.Overload: void overload2()>"	594polimorph.Overload.overload2()V:28:2:31:3	106polimorph.Overload.overload2():28:7:31:2	(29)polimorph.Overload:overload2()polimorph.Overload.overload2()	72polimorph.Overload.overload2()V:29	121polimorph.Overload.overload2():void:Overload.java:25:1:31:2	95
58	6	"(37)<polimorph.Overload: void overload3()>""(37)<polimorph.Overload: void overload3()>"	597polimorph.Overload.overload3()V:36:2:39:3	107polimorph.Overload.overload3():36:7:39:2	(37)polimorph.Overload:overload3()polimorph.Overload.overload3()	73polimorph.Overload.overload3()V:37	122polimorph.Overload.overload3():void:Overload.java:33:1:39:2	95
59	6	"(45)<polimorph.Overload: void overload4()>""(45)<polimorph.Overload: void overload4()>"	600polimorph.Overload.overload4()V:44:2:47:3	108polimorph.Overload.overload4():44:7:47:2	(45)polimorph.Overload:overload4()polimorph.Overload.overload4()	74polimorph.Overload.overload4()V:45	124polimorph.Overload.overload4():void:Overload.java:41:1:47:2	95
60	6	"(5)<polimorph.PolimorphTest: void overload()>""(5)<polimorph.PolimorphTest: void overload()>"	627polimorph.PolimorphTest.overload()V:4:2:12:3	118polimorph.PolimorphTest.overload():4:7:12:2	(5)polimorph.PolimorphTest:overload()polimorph.PolimorphTest.overload()	69polimorph.PolimorphTest.overload()V:5	125polimorph.PolimorphTest.overload():void:PolimorphTest.java:4:1:12:2	95
61	6	"(15)<polimorph.PolimorphTest: void polimorphic()>""(15)<polimorph.PolimorphTest: void polimorphic()>"	635polimorph.PolimorphTest.polimorphic()V:14:2:21:3	119polimorph.PolimorphTest.polimorphic():14:7:21:2	(15)polimorph.PolimorphTest:polimorphic()polimorph.PolimorphTest.polimorphic()	79polimorph.PolimorphTest.polimorphic()V:15	127polimorph.PolimorphTest.polimorphic():void:PolimorphTest.java:14:1:21:2	95
134	6	"(3)<polimorph.Polimorph: void <init>()>""(3)<polimorph.Polimorph: void <init>()>"	604polimorph.Polimorph.<init>()V:-1:-1:-1:-1	109polimorph.Polimorph.Polimorph():-1:-1:-1:-1	polimorph.Polimorph:<init>()polimorph.Polimorph.<init>()	80polimorph.Polimorph.<init>()V:3	128polimorph.Polimorph.<init>():void::-1:-1:-1:-1	95
135	6	"(59)<polimorph.Polimorph: void interfaceImplementation()>""(59)<polimorph.Polimorph: void interfaceImplementation()>"	621polimorph.Polimorph.interfaceImplementation()V:58:2:63:3	114polimorph.Polimorph.interfaceImplementation():58:14:63:2	polimorph.Polimorph:interfaceImplementation()polimorph.Polimorph.interfaceImplementation()	81polimorph.Polimorph.interfaceImplementation()V:59	113polimorph.Polimorph.interfaceImplementation():void:Polimorph.java:50:1:63:2	95
136	6	"(74)<polimorph.Polimorph: void interfaceImplementation2()>""(74)<polimorph.Polimorph: void interfaceImplementation2()>"	623polimorph.Polimorph.interfaceImplementation2()V:73:2:77:3	115polimorph.Polimorph.interfaceImplementation2():73:14:77:2	polimorph.Polimorph:interfaceImplementation2()polimorph.Polimorph.interfaceImplementation2()	82polimorph.Polimorph.interfaceImplementation2()V:74	114polimorph.Polimorph.interfaceImplementation2():void:Polimorph.java:65:1:77:2	95
137	6	"(84)<polimorph.Polimorph: void abstractClassImplementation()>""(84)<polimorph.Polimorph: void abstractClassImplementation()>"	625polimorph.Polimorph.abstractClassImplementation()V:83:2:87:3	116polimorph.Polimorph.abstractClassImplementation():83:14:87:2	polimorph.Polimorph:abstractClassImplementation()polimorph.Polimorph.abstractClassImplementation()	83polimorph.Polimorph.abstractClassImplementation()V:84	115polimorph.Polimorph.abstractClassImplementation():void:Polimorph.java:79:1:87:2	95
63	6	"(13)<polimorph.Polimorph: void overloadedInterface(helper.Interface)>""(13)<polimorph.Polimorph: void overloadedInterface(helper.Interface)>"	605polimorph.Polimorph.overloadedInterface(Lhelper/Interface;)V:12:2:17:3	110polimorph.Polimorph.overloadedInterface(helper.Interface):12:14:17:2	polimorph.Polimorph:overloadedInterface(helper.Interface)polimorph.Polimorph.overloadedInterface(helper.Interface)	85polimorph.Polimorph.overloadedInterface(Lhelper/Interface;)V:13	109polimorph.Polimorph.overloadedInterface(helper.Interface):void:Polimorph.java:4:1:17:2	95
138	6	"(29)<polimorph.PolimorphTest: void main(java.lang.String[])>""(29)<polimorph.PolimorphTest: void main(java.lang.String[])>"	645polimorph.PolimorphTest.main([Ljava/lang/String;)V:28:2:31:3	121polimorph.PolimorphTest.main(java.lang.String[]):28:21:31:2	(29)polimorph.PolimorphTest:main(java.lang.String[])polimorph.PolimorphTest.main(java.lang.String[])	91polimorph.PolimorphTest.main([Ljava/lang/String;)V:29	129polimorph.PolimorphTest.main(java.lang.String[]):void:PolimorphTest.java:28:1:31:2	95
148	4	x	415helper.Interface.goo()V:5:4:5:15	111helper.Interface.goo():-1:-1:-1:-1	helper.Interface:goo()helper.Interface.goo()	x	65helper.Interface.goo():void:Interface.java:5:3:5:14	78
64	6	"(28)<polimorph.Polimorph: void overloadedInterface()>""(28)<polimorph.Polimorph: void overloadedInterface()>"	610polimorph.Polimorph.overloadedInterface()V:27:2:33:3	112polimorph.Polimorph.overloadedInterface():27:14:33:2	(28)polimorph.Polimorph:overloadedInterface()polimorph.Polimorph.overloadedInterface()	123polimorph.Polimorph.overloadedInterface()V:28	110polimorph.Polimorph.overloadedInterface():void:Polimorph.java:19:1:33:2	95
160	1	x	x	x	helper.Child3:foo()helper.Child3.foo()	x	x	8
161	1	x	x	x	helper.Child3:goo()helper.Child3.goo()	x	x	8
65	6	"(43)<polimorph.Polimorph: void overloadedInterface2()>""(43)<polimorph.Polimorph: void overloadedInterface2()>"	618polimorph.Polimorph.overloadedInterface2()V:42:2:48:3	113polimorph.Polimorph.overloadedInterface2():42:14:48:2	(43)polimorph.Polimorph:overloadedInterface2()polimorph.Polimorph.overloadedInterface2()	124polimorph.Polimorph.overloadedInterface2()V:43	112polimorph.Polimorph.overloadedInterface2():void:Polimorph.java:35:1:48:2	95
162	1	x	x	x	helper.Child2:foo()helper.Child2.foo()	x	x	8
66	6	"(7)<initialization.StaticInit: void <clinit>()>""(7)<initialization.StaticInit: void <clinit>()>"	461initialization.StaticInit.<clinit>():6:2:9:3	72initialization.StaticInit.<clinit>():10:9:12:2	(7)initialization.StaticInit:<clinit>()initialization.StaticInit.<clinit>()	0initialization.StaticInit.<clinit>()V:7	72initialization.StaticInit.<clinit>():void::-1:-1:-1:-1	95
139	6	"(3)<initialization.IntermediateInitialization: void <init>()>""(3)<initialization.IntermediateInitialization: void <init>()>"	456initialization.IntermediateInitialization.<init>()V:-1:-1:-1:-1	64initialization.IntermediateInitialization.IntermediateInitialization():-1:-1:-1:-1	initialization.IntermediateInitialization:<init>()initialization.IntermediateInitialization.<init>()	2initialization.IntermediateInitialization.<init>()V:3	74initialization.IntermediateInitialization.<init>():void:Init.java:-1:-1:-1:-1	95
68	6	"(6)<initialization.IntermediateInitialization: helper.Child1 instantiateChild1()>""(6)<initialization.IntermediateInitialization: helper.Child1 instantiateChild1()>"	432initialization.IntermediateInitialization.instantiateChild1()Lhelper/Child1;:5:2:8:3	65initialization.IntermediateInitialization.instantiateChild1():5:23:8:2	initialization.IntermediateInitialization:instantiateChild1()initialization.IntermediateInitialization.instantiateChild1()	3initialization.IntermediateInitialization.instantiateChild1()Lhelper/Child1;:6	73initialization.IntermediateInitialization.instantiateChild1():helper.Child1:IntermediateInitialization.java:5:1:8:2	95
140	5	"(3)<initialization.StaticInit: void <init>()>""(3)<initialization.StaticInit: void <init>()>"	458initialization.StaticInit.<init>()V:-1:-1:-1:-1	71initialization.StaticInit.StaticInit():-1:-1:-1:-1	(3)initialization.StaticInit:<init>()initialization.StaticInit.<init>()	9initialization.StaticInit.<init>()V:3	x	31
67	6	"(15)<initialization.StaticInit: void staticInit()>""(15)<initialization.StaticInit: void staticInit()>"	446initialization.StaticInit.staticInit()V:14:2:16:3	69initialization.StaticInit.staticInit():14:14:16:2	(15)initialization.StaticInit:staticInit()initialization.StaticInit.staticInit()	10initialization.StaticInit.staticInit()V:15	75initialization.StaticInit.staticInit():void:StaticInit.java:14:1:16:2	95
69	6	"(14)<initialization.Init: void <init>(helper.Interface)>""(14)<initialization.Init: void <init>(helper.Interface)>"	439initialization.Init.<initblock>():6:4:9:5	63initialization.Init.<initblock>():10:4:12:4	(14)initialization.Init:<init>(helper.Interface)initialization.Init.<init>(helper.Interface)	119initialization.Init.<init>(Lhelper/Interface;)V:14	77initialization.Init.<init>(helper.Interface):void:Init.java:14:3:17:4	95
141	6	"(9)<initialization.Constructor: void callPrivate()>""(9)<initialization.Constructor: void callPrivate()>"	426initialization.Constructor.callPrivate()V:8:2:10:3	60initialization.Constructor.callPrivate():8:17:10:2	(9)initialization.Constructor:callPrivate()initialization.Constructor.callPrivate()	41initialization.Constructor.callPrivate()V:9	81initialization.Constructor.callPrivate():void:Constructor.java:8:1:10:2	95
142	6	"(6)<initialization.Constructor: void privateMethod()>""(6)<initialization.Constructor: void privateMethod()>"	425initialization.Constructor.privateMethod()V:4:2:6:3	61initialization.Constructor.privateMethod():-1:-1:-1:-1	initialization.Constructor:privateMethod()initialization.Constructor.privateMethod()	42initialization.Constructor.privateMethod()V:6	80initialization.Constructor.privateMethod():void:Constructor.java:4:1:6:2	95
70	6	"(12)<initialization.Constructor: void <init>()>""(12)<initialization.Constructor: void <init>()>"	428initialization.Constructor.<init>()V:12:2:14:3	62initialization.Constructor.Constructor():12:2:14:2	(12)initialization.Constructor:<init>()initialization.Constructor.<init>()	40initialization.Constructor.<init>()V:12	78initialization.Constructor.<init>():void:Constructor.java:12:1:14:2	95
143	6	"(21)<initialization.InitializationTest: void main(java.lang.String[])>""(21)<initialization.InitializationTest: void main(java.lang.String[])>"	454initialization.InitializationTest.main([Ljava/lang/String;)V:20:5:22:3	70initialization.InitializationTest.main(java.lang.String[]):20:24:22:2	(21)initialization.InitializationTest:main(java.lang.String[])initialization.InitializationTest.main(java.lang.String[])	127initialization.InitializationTest.main([Ljava/lang/String;)V:21	79initialization.InitializationTest.main(java.lang.String[]):void:InitializationTest.java:20:4:22:2	95
163	1	x	x	x	java.lang.Object:compare()java.lang.Object.compare()	x	x	8
164	1	x	x	x	java.lang.Object:doSomething()java.lang.Object.doSomething()	x	x	8
165	1	x	x	x	java.lang.Object:accept()java.lang.Object.accept()	x	x	8
1	2	"(5)<helper.Debug: void <clinit>()>""(5)<helper.Debug: void <clinit>()>"	x	x	x	125helper.Debug.<clinit>()V:4	x	17
4	1	"<java.lang.Object: void <clinit>()>""<java.lang.Object: void <clinit>()>"	x	x	x	x	x	1
5	1	"<java.lang.System: void <clinit>()>""<java.lang.System: void <clinit>()>"	x	x	x	x	x	1
6	1	"<java.lang.Class: void <clinit>()>""<java.lang.Class: void <clinit>()>"	x	x	x	x	x	1
10	1	"<java.lang.invoke.MethodHandles: void <clinit>()>""<java.lang.invoke.MethodHandles: void <clinit>()>"	x	x	x	x	x	1
11	1	"<java.lang.invoke.MethodType: void <clinit>()>""<java.lang.invoke.MethodType: void <clinit>()>"	x	x	x	x	x	1
19	1	"<java.lang.String: void <clinit>()>""<java.lang.String: void <clinit>()>"	x	x	x	x	x	1
23	1	"<java.util.ArrayList: void <clinit>()>""<java.util.ArrayList: void <clinit>()>"	x	x	x	x	x	1
77	5	"<java.lang.reflect.AccessibleObject: void setAccessible(boolean)>""<java.lang.reflect.AccessibleObject: void setAccessible(boolean)>"	261java.lang.reflect.AccessibleObject.setAccessible(Z)V:-1:-1:-1:-1	28java.lang.reflect.AccessibleObject.setAccessible(boolean):-1:-1:-1:-1	x	21java.lang.reflect.AccessibleObject.setAccessible(Z)V:127	40java.lang.reflect.AccessibleObject.setAccessible(boolean):void::-1:-1:-1:-1	87
90	1	"<java.util.Collections$CheckedCollection: boolean add(java.lang.Object)>""<java.util.Collections$CheckedCollection: boolean add(java.lang.Object)>"	x	x	x	x	x	1
91	1	"<java.util.concurrent.CopyOnWriteArrayList: boolean add(java.lang.Object)>""<java.util.concurrent.CopyOnWriteArrayList: boolean add(java.lang.Object)>"	x	x	x	x	x	1
92	1	"<java.util.Vector: boolean add(java.lang.Object)>""<java.util.Vector: boolean add(java.lang.Object)>"	x	x	x	x	x	1
93	1	"<java.util.Collections$UnmodifiableCollection: boolean add(java.lang.Object)>""<java.util.Collections$UnmodifiableCollection: boolean add(java.lang.Object)>"	x	x	x	x	x	1
94	1	"<java.util.LinkedList: boolean add(java.lang.Object)>""<java.util.LinkedList: boolean add(java.lang.Object)>"	x	x	x	x	x	1
95	1	"<java.util.Collections$SynchronizedCollection: boolean add(java.lang.Object)>""<java.util.Collections$SynchronizedCollection: boolean add(java.lang.Object)>"	x	x	x	x	x	1
96	2	"<java.util.ArrayList: boolean add(java.lang.Object)>""<java.util.ArrayList: boolean add(java.lang.Object)>"	x	x	x	105java.util.ArrayList.add(Ljava/lang/Object;)Z:458	x	17
97	1	"<java.util.AbstractList: boolean add(java.lang.Object)>""<java.util.AbstractList: boolean add(java.lang.Object)>"	x	x	x	x	x	1
98	1	"<java.util.Vector: void forEach(java.util.function.Consumer)>""<java.util.Vector: void forEach(java.util.function.Consumer)>"	x	x	x	x	x	1
99	1	"<java.util.Collections$SynchronizedCollection: void forEach(java.util.function.Consumer)>""<java.util.Collections$SynchronizedCollection: void forEach(java.util.function.Consumer)>"	x	x	x	x	x	1
100	1	"<java.util.Collections$CheckedCollection: void forEach(java.util.function.Consumer)>""<java.util.Collections$CheckedCollection: void forEach(java.util.function.Consumer)>"	x	x	x	x	x	1
101	2	"<java.util.ArrayList: void forEach(java.util.function.Consumer)>""<java.util.ArrayList: void forEach(java.util.function.Consumer)>"	x	x	x	107java.util.ArrayList.forEach(Ljava/util/function/Consumer;)V:1243	x	17
102	1	"<java.util.Collections$UnmodifiableCollection: void forEach(java.util.function.Consumer)>""<java.util.Collections$UnmodifiableCollection: void forEach(java.util.function.Consumer)>"	x	x	x	x	x	1
103	1	"<java.util.Collections$SingletonList: void forEach(java.util.function.Consumer)>""<java.util.Collections$SingletonList: void forEach(java.util.function.Consumer)>"	x	x	x	x	x	1
104	1	"<java.util.concurrent.CopyOnWriteArrayList$COWSubList: void forEach(java.util.function.Consumer)>""<java.util.concurrent.CopyOnWriteArrayList$COWSubList: void forEach(java.util.function.Consumer)>"	x	x	x	x	x	1
105	1	"<java.util.Collections$EmptyList: void forEach(java.util.function.Consumer)>""<java.util.Collections$EmptyList: void forEach(java.util.function.Consumer)>"	x	x	x	x	x	1
106	1	"<java.util.Arrays$ArrayList: void forEach(java.util.function.Consumer)>""<java.util.Arrays$ArrayList: void forEach(java.util.function.Consumer)>"	x	x	x	x	x	1
107	1	"<java.util.concurrent.CopyOnWriteArrayList: void forEach(java.util.function.Consumer)>""<java.util.concurrent.CopyOnWriteArrayList: void forEach(java.util.function.Consumer)>"	x	x	x	x	x	1
144	3	x	142anonymAndInner.AnonymAndInnerTest$1.<init>()V:-1:-1:-1:-1	7anonymAndInner.AnonymAndInnerTest$1.AnonymAndInnerTest$1():23:22:27:3	x	x	24anonymAndInner.AnonymAndInnerTest$1.<init>():void::-1:-1:-1:-1	70
145	3	x	158anonymAndInner.AnonymAndInnerTest$2.<init>()V:-1:-1:-1:-1	12anonymAndInner.AnonymAndInnerTest$2.AnonymAndInnerTest$2():31:41:39:3	x	x	28anonymAndInner.AnonymAndInnerTest$2.<init>():void::-1:-1:-1:-1	70
146	3	x	199anonymAndInner.Outer$Inner.<init>()V:-1:-1:-1:-1	22anonymAndInner.Outer$Inner.Outer$Inner():-1:-1:-1:-1	x	x	18anonymAndInner.Outer$Inner.<init>():void::-1:-1:-1:-1	70
152	3	x	525java.lang.Iterable.forEach(Ljava/util/function/Consumer;)V:-1:-1:-1:-1	91java.lang.Iterable.forEach(java.util.function.Consumer):-1:-1:-1:-1	x	x	100java.lang.Iterable<java.lang.String>.forEach(java.util.function.Consumer<?superjava.lang.String>):void::-1:-1:-1:-1	70
166	1	x	x	x	x	106java.lang.invoke.LambdaMetafactory.accept$java8$MethodReference$0()Ljava/util/function/Consumer;:-1	x	16
167	1	x	x	x	x	117java.lang.invoke.LambdaMetafactory.compare$java8$Java8Test$0()Ljava8/Lambda;:-1	x	16
168	1	x	x	x	x	110java.lang.invoke.LambdaMetafactory.doSomething$java8$Java8Test$1()Ljava8/FunctionalInterface;:-1	x	16
169	1	x	x	x	x	112java.lang.invoke.LambdaMetafactory.doSomething$java8$Java8Test$2()Ljava8/FunctionalInterface;:-1	x	16
170	1	x	x	x	x	118wala.lambda$java8$Java8Test$0.compare(II)Z:-1	x	16
171	1	x	x	x	x	111wala.lambda$java8$Java8Test$1.doSomething(Ljava/lang/String;)Ljava/lang/String;:-1	x	16
172	1	x	x	x	x	113wala.lambda$java8$Java8Test$2.doSomething(Ljava/lang/String;)Ljava/lang/String;:-1	x	16
173	1	x	x	x	x	108wala.lambda$java8$MethodReference$0.accept(Ljava/lang/Object;)V:-1	x	16
174	1	x	x	x	x	x	30generics.Generic1<helper.Interface>.generic(helper.Child1):void:Generic1.java:4:1:11:2	64
175	1	x	x	x	x	x	56generics.Generic1<helper.Interface>.generic(helper.Child2):void:Generic1.java:4:1:11:2	64
